{
  "project_info": {
    "project_number": "633645596067",
    "firebase_url": "https://pervasive-csg541.firebaseio.com",
    "project_id": "pervasive-csg541",
    "storage_bucket": "pervasive-csg541.appspot.com"
  },
  "client": [
    {
      "client_info": {
        "mobilesdk_app_id": "1:633645596067:android:9617c254c97e9f5121ee16",
        "android_client_info": {
          "package_name": "com.example.pc_project"
        }
      },
      "oauth_client": [
        {
          "client_id": "633645596067-k93ovm1ii6ag814f2rn06f68gca8pf2g.apps.googleusercontent.com",
          "client_type": 1,
          "android_info": {
            "package_name": "com.example.pc_project",
            "certificate_hash": "acd1e7cd27ee26bfc5eceda364dc74c52bfb9158"
          }
        },
        {
          "client_id": "633645596067-k83gkol2d04ne9k5jsc7ero129f9er7e.apps.googleusercontent.com",
          "client_type": 3
        }
      ],
      "api_key": [
        {
          "current_key": "AIzaSyCeLYvsU2N6aIV9-0TFfmQkCXL8reWhEk8"
        }
      ],
      "services": {
        "appinvite_service": {
          "other_platform_oauth_client": [
            {
              "client_id": "633645596067-k83gkol2d04ne9k5jsc7ero129f9er7e.apps.googleusercontent.com",
              "client_type": 3
            }
          ]
        }
      }
    }
  ],
  "configuration_version": "1"
}